Date;I(A);U(V);(Q)mAh;Headspeed(rpm);PWM(%);Temp(C)
06.05.2020 18:15:21;0.5;49.4;21.0;0;0;36
06.05.2020 18:15:22;0.3;49.3;21.0;11;2;36
06.05.2020 18:15:22;0.8;49.3;21.0;42;2;36
06.05.2020 18:15:23;1.0;49.3;21.0;59;3;36
06.05.2020 18:15:23;1.3;49.3;22.0;89;4;36
06.05.2020 18:15:24;1.9;49.3;22.0;121;5;36
06.05.2020 18:15:24;2.9;49.3;22.0;199;7;36
06.05.2020 18:15:25;5.8;49.1;23.0;277;14;36
06.05.2020 18:15:25;7.0;49.1;23.0;373;17;36
06.05.2020 18:15:26;12.6;48.9;24.0;552;26;36
06.05.2020 18:15:26;20.8;48.5;28.0;839;36;36
06.05.2020 18:15:27;22.4;48.4;29.0;901;40;36
06.05.2020 18:15:27;21.3;48.4;33.0;1074;46;36
06.05.2020 18:15:28;18.4;48.4;37.0;1197;50;38
06.05.2020 18:15:28;21.1;48.4;39.0;1303;51;38
06.05.2020 18:15:29;22.7;48.2;43.0;1388;56;38
06.05.2020 18:15:29;25.4;48.2;47.0;1455;58;38
06.05.2020 18:15:30;28.9;48.0;48.0;1481;62;38
06.05.2020 18:15:30;28.9;48.0;55.0;1573;62;38
06.05.2020 18:15:31;28.7;48.0;56.0;1583;65;38
06.05.2020 18:15:31;24.3;48.1;61.0;1598;64;38
06.05.2020 18:15:32;23.9;48.1;65.0;1600;64;38
06.05.2020 18:15:32;28.2;48.0;67.0;1607;66;38
06.05.2020 18:15:33;32.2;47.8;70.0;1640;69;38
06.05.2020 18:15:33;35.6;47.6;78.0;1730;73;38
06.05.2020 18:15:34;34.9;47.6;80.0;1756;74;38
06.05.2020 18:15:34;30.0;47.7;85.0;1790;74;38
06.05.2020 18:15:35;29.4;47.7;89.0;1794;74;38
06.05.2020 18:15:35;30.0;47.7;94.0;1791;74;38
06.05.2020 18:15:36;29.2;47.6;97.0;1790;74;38
06.05.2020 18:15:36;40.8;47.2;102.0;1794;77;40
06.05.2020 18:15:37;78.1;45.9;108.0;1759;82;40
06.05.2020 18:15:37;56.1;46.4;120.0;1795;80;40
06.05.2020 18:15:38;55.6;46.4;126.0;1800;80;40
06.05.2020 18:15:38;53.9;46.4;135.0;1800;80;40
06.05.2020 18:15:39;55.4;46.4;141.0;1798;80;40
06.05.2020 18:15:39;63.7;46.0;151.0;1782;81;40
06.05.2020 18:15:40;92.1;45.0;163.0;1740;83;40
06.05.2020 18:15:40;101.8;44.6;174.0;1716;84;40
06.05.2020 18:15:41;102.5;44.1;185.0;1725;85;40
06.05.2020 18:15:41;87.2;44.4;202.0;1753;85;42
06.05.2020 18:15:42;73.2;44.8;212.0;1788;84;42
06.05.2020 18:15:42;54.0;45.5;223.0;1837;82;42
06.05.2020 18:15:43;53.9;45.5;229.0;1835;82;42
06.05.2020 18:15:43;53.4;45.5;240.0;1825;82;42
06.05.2020 18:15:44;53.7;45.6;246.0;1823;82;42
06.05.2020 18:15:44;70.4;45.0;256.0;1783;84;44
06.05.2020 18:15:45;114.1;43.4;272.0;1783;88;44
06.05.2020 18:15:45;125.1;42.9;286.0;1733;89;44
06.05.2020 18:15:46;127.8;42.5;307.0;1728;90;44
06.05.2020 18:15:46;126.3;42.4;314.0;1741;90;44
06.05.2020 18:15:47;129.5;42.1;335.0;1733;91;46
06.05.2020 18:15:47;71.8;44.2;357.0;1779;85;46
06.05.2020 18:15:48;21.4;46.2;363.0;1841;76;46
06.05.2020 18:15:48;22.8;46.0;368.0;1844;76;48
06.05.2020 18:15:49;24.3;46.0;369.0;1847;76;48
06.05.2020 18:15:49;26.1;46.1;374.0;1838;77;48
06.05.2020 18:15:50;26.0;46.1;378.0;1849;77;48
06.05.2020 18:15:50;23.3;46.3;379.0;1859;76;48
06.05.2020 18:15:51;20.2;46.5;383.0;1862;75;48
06.05.2020 18:15:51;21.1;46.5;385.0;1858;75;48
06.05.2020 18:15:52;21.1;46.5;385.0;1858;75;48
06.05.2020 18:15:52;16.8;46.8;391.0;1834;73;48
06.05.2020 18:15:53;16.3;46.8;393.0;1822;72;48
06.05.2020 18:15:53;27.6;46.5;397.0;1810;76;48
06.05.2020 18:15:54;27.6;46.5;397.0;1810;76;48
06.05.2020 18:15:54;30.8;46.4;403.0;1811;76;48
06.05.2020 18:15:55;34.2;46.2;408.0;1801;77;48
06.05.2020 18:15:55;41.2;45.9;414.0;1786;78;48
06.05.2020 18:15:56;44.0;45.9;419.0;1780;78;48
06.05.2020 18:15:56;42.2;45.8;426.0;1784;78;48
06.05.2020 18:15:57;43.3;45.8;433.0;1781;78;48
06.05.2020 18:15:57;43.5;45.8;436.0;1788;78;48
06.05.2020 18:15:58;41.0;45.8;443.0;1781;78;48
06.05.2020 18:15:58;43.2;45.8;450.0;1788;78;48
06.05.2020 18:15:59;40.4;45.9;455.0;1798;78;48
06.05.2020 18:15:59;38.4;45.9;461.0;1798;78;48
06.05.2020 18:16:00;38.1;45.9;468.0;1792;78;48
06.05.2020 18:16:00;45.6;45.6;470.0;1789;79;48
06.05.2020 18:16:01;47.1;45.6;478.0;1782;79;48
06.05.2020 18:16:01;47.1;45.6;483.0;1783;79;48
06.05.2020 18:16:02;64.0;44.9;497.0;1781;82;48
06.05.2020 18:16:02;67.7;44.8;500.0;1775;81;48
06.05.2020 18:16:03;67.2;44.7;511.0;1771;82;48
06.05.2020 18:16:03;71.4;44.6;519.0;1770;82;48
06.05.2020 18:16:04;73.2;44.5;535.0;1769;83;48
06.05.2020 18:16:04;71.9;44.4;539.0;1781;83;50
06.05.2020 18:16:05;66.8;44.6;551.0;1782;83;50
06.05.2020 18:16:05;66.5;44.6;558.0;1790;83;50
06.05.2020 18:16:06;62.4;44.7;569.0;1808;83;50
06.05.2020 18:16:06;48.2;45.2;577.0;1830;82;50
06.05.2020 18:16:07;53.3;45.1;583.0;1817;81;50
06.05.2020 18:16:07;48.7;45.2;589.0;1814;81;50
06.05.2020 18:16:08;48.1;45.3;597.0;1816;81;50
06.05.2020 18:16:08;48.7;45.2;603.0;1816;81;50
06.05.2020 18:16:09;56.1;45.0;617.0;1825;83;50
06.05.2020 18:16:09;56.1;45.0;617.0;1825;83;50
06.05.2020 18:16:10;63.1;44.6;630.0;1865;87;50
06.05.2020 18:16:10;65.2;44.5;634.0;1931;89;50
06.05.2020 18:16:11;38.8;45.5;640.0;2000;86;50
06.05.2020 18:16:11;26.3;46.0;645.0;1973;83;52
06.05.2020 18:16:12;29.0;45.9;649.0;1967;84;52
06.05.2020 18:16:12;32.8;45.9;652.0;1964;84;52
06.05.2020 18:16:13;26.4;46.1;658.0;1971;83;52
06.05.2020 18:16:13;26.4;46.1;660.0;1981;83;52
06.05.2020 18:16:14;25.7;46.2;664.0;1983;83;52
06.05.2020 18:16:14;24.8;46.2;668.0;1984;83;52
06.05.2020 18:16:15;24.8;46.2;671.0;1984;83;52
06.05.2020 18:16:15;26.2;46.2;674.0;1983;83;52
06.05.2020 18:16:16;29.9;46.1;677.0;1989;84;52
06.05.2020 18:16:16;33.3;46.0;682.0;1984;85;52
06.05.2020 18:16:17;34.9;45.9;686.0;1984;85;52
06.05.2020 18:16:17;41.6;45.6;695.0;1977;86;50
06.05.2020 18:16:18;39.6;45.7;699.0;1975;86;50
06.05.2020 18:16:18;41.7;45.6;704.0;1980;86;50
06.05.2020 18:16:19;40.6;45.6;711.0;1980;86;50
06.05.2020 18:16:19;42.0;45.5;715.0;1986;87;50
06.05.2020 18:16:20;39.2;45.6;720.0;1983;86;50
06.05.2020 18:16:20;43.9;45.5;728.0;1980;87;50
06.05.2020 18:16:21;42.5;45.5;735.0;1987;87;50
06.05.2020 18:16:21;43.4;45.4;740.0;1994;87;52
06.05.2020 18:16:22;42.9;45.4;747.0;1986;87;52
06.05.2020 18:16:22;49.4;45.2;755.0;1986;88;52
06.05.2020 18:16:23;47.4;45.2;762.0;1989;88;52
06.05.2020 18:16:23;48.2;45.2;765.0;1984;88;52
06.05.2020 18:16:24;44.5;45.3;773.0;1995;88;52
06.05.2020 18:16:24;46.6;45.3;778.0;1989;88;52
06.05.2020 18:16:25;44.0;45.3;785.0;1993;88;52
06.05.2020 18:16:25;44.6;45.3;793.0;1992;88;52
06.05.2020 18:16:26;47.0;45.2;798.0;1984;88;52
06.05.2020 18:16:26;54.8;44.9;806.0;1967;89;52
06.05.2020 18:16:27;62.6;44.6;809.0;1962;89;52
06.05.2020 18:16:27;64.2;44.4;820.0;1950;90;52
06.05.2020 18:16:28;69.5;44.3;828.0;1953;91;52
06.05.2020 18:16:28;69.7;44.2;839.0;1954;91;52
06.05.2020 18:16:29;72.8;44.1;851.0;1955;92;52
06.05.2020 18:16:29;71.8;44.1;859.0;1970;92;52
06.05.2020 18:16:30;63.2;44.4;871.0;1984;91;52
06.05.2020 18:16:30;64.8;44.3;881.0;1992;92;52
06.05.2020 18:16:31;63.9;44.3;885.0;1991;92;52
06.05.2020 18:16:31;55.7;44.3;898.0;2007;91;52
06.05.2020 18:16:32;48.9;44.5;907.0;2011;90;52
06.05.2020 18:16:32;46.7;44.6;910.0;2020;90;54
06.05.2020 18:16:33;59.1;44.2;918.0;1995;91;54
06.05.2020 18:16:33;60.0;44.1;924.0;1986;91;54
06.05.2020 18:16:34;60.9;44.0;938.0;1982;91;54
06.05.2020 18:16:34;59.4;44.1;941.0;1984;91;54
06.05.2020 18:16:35;55.5;44.2;951.0;2000;91;54
06.05.2020 18:16:35;50.6;44.3;960.0;2006;90;54
06.05.2020 18:16:36;50.7;44.4;966.0;2005;90;54
06.05.2020 18:16:36;50.3;44.4;969.0;2002;90;54
06.05.2020 18:16:37;51.0;44.3;980.0;2002;90;54
06.05.2020 18:16:37;51.8;44.3;986.0;2000;90;54
06.05.2020 18:16:38;67.5;43.7;995.0;1984;91;54
06.05.2020 18:16:38;52.0;44.2;1002.0;1971;90;54
06.05.2020 18:16:39;45.2;44.4;1011.0;1993;89;54
06.05.2020 18:16:39;38.1;44.7;1016.0;2007;88;54
06.05.2020 18:16:40;33.7;44.9;1022.0;2000;87;54
06.05.2020 18:16:40;32.7;45.0;1024.0;2006;87;54
06.05.2020 18:16:41;33.3;45.0;1031.0;2004;87;54
06.05.2020 18:16:41;33.9;45.0;1037.0;2008;87;54
06.05.2020 18:16:42;33.8;45.0;1040.0;2015;87;54
06.05.2020 18:16:42;31.6;45.1;1045.0;2017;87;54
06.05.2020 18:16:43;29.4;45.2;1047.0;2014;86;54
06.05.2020 18:16:43;30.2;45.1;1052.0;2008;86;54
06.05.2020 18:16:44;33.0;45.1;1055.0;2008;86;54
06.05.2020 18:16:44;32.7;45.1;1059.0;2007;86;54
06.05.2020 18:16:45;29.3;45.1;1066.0;2004;86;54
06.05.2020 18:16:45;32.3;45.1;1071.0;1999;86;54
06.05.2020 18:16:46;41.7;44.8;1075.0;2002;88;54
06.05.2020 18:16:46;41.5;44.8;1082.0;1997;88;54
06.05.2020 18:16:47;42.8;44.7;1085.0;2000;88;54
06.05.2020 18:16:47;46.8;44.5;1095.0;2002;89;54
06.05.2020 18:16:48;45.0;44.6;1097.0;2003;89;54
06.05.2020 18:16:48;43.9;44.6;1104.0;2004;89;54
06.05.2020 18:16:49;41.3;44.7;1112.0;2004;88;54
06.05.2020 18:16:49;41.3;44.7;1116.0;2007;88;54
06.05.2020 18:16:50;46.8;44.5;1124.0;1992;89;54
06.05.2020 18:16:50;46.0;44.5;1132.0;1996;89;54
06.05.2020 18:16:51;46.0;44.5;1134.0;1993;89;54
06.05.2020 18:16:51;50.8;44.3;1145.0;1978;89;54
06.05.2020 18:16:52;50.9;44.3;1151.0;1984;89;54
06.05.2020 18:16:52;48.8;44.3;1154.0;1988;89;54
06.05.2020 18:16:53;47.4;44.3;1165.0;2001;89;54
06.05.2020 18:16:53;48.2;44.4;1173.0;1990;89;54
06.05.2020 18:16:54;51.1;44.2;1176.0;1986;90;54
06.05.2020 18:16:54;59.7;43.9;1184.0;1975;91;54
06.05.2020 18:16:55;61.0;43.8;1191.0;1973;91;54
06.05.2020 18:16:55;56.3;44.0;1201.0;1986;91;54
06.05.2020 18:16:56;67.1;43.6;1211.0;1988;92;56
06.05.2020 18:16:56;72.3;43.4;1218.0;1973;93;56
06.05.2020 18:16:57;75.2;43.3;1230.0;1966;93;56
06.05.2020 18:16:57;77.0;43.1;1239.0;1966;94;56
06.05.2020 18:16:58;72.2;43.3;1248.0;1972;93;56
06.05.2020 18:16:58;76.7;43.1;1264.0;1974;94;56
06.05.2020 18:16:59;62.6;43.5;1268.0;1975;92;56
06.05.2020 18:16:59;32.9;44.6;1277.0;2023;88;56
06.05.2020 18:17:00;25.3;44.9;1282.0;2016;86;56
06.05.2020 18:17:00;28.3;44.9;1285.0;2017;87;56
06.05.2020 18:17:01;27.5;44.9;1290.0;2035;87;56
06.05.2020 18:17:01;22.6;45.2;1294.0;2045;86;56
06.05.2020 18:17:02;22.4;45.2;1295.0;2047;86;56
06.05.2020 18:17:02;23.0;45.2;1298.0;2033;86;56
06.05.2020 18:17:03;30.0;45.0;1303.0;2011;87;56
06.05.2020 18:17:03;25.5;45.2;1308.0;2026;86;56
06.05.2020 18:17:04;13.3;45.6;1311.0;2048;83;56
06.05.2020 18:17:04;21.0;45.4;1313.0;2021;84;56
06.05.2020 18:17:05;26.0;45.3;1317.0;2008;85;56
06.05.2020 18:17:05;35.6;44.9;1320.0;2002;87;56
06.05.2020 18:17:06;40.6;44.7;1324.0;1989;88;56
06.05.2020 18:17:06;44.4;44.5;1331.0;1980;88;56
06.05.2020 18:17:07;46.7;44.4;1339.0;1982;89;56
06.05.2020 18:17:07;46.0;44.4;1344.0;1981;89;56
06.05.2020 18:17:08;43.2;44.5;1351.0;1995;89;56
06.05.2020 18:17:08;44.2;44.5;1356.0;1992;89;56
06.05.2020 18:17:09;39.4;44.6;1361.0;1992;88;56
06.05.2020 18:17:09;45.2;44.4;1368.0;1988;89;56
06.05.2020 18:17:10;45.0;44.4;1374.0;1985;89;56
06.05.2020 18:17:10;44.8;44.4;1382.0;1986;89;56
06.05.2020 18:17:11;43.3;44.5;1387.0;1988;89;56
06.05.2020 18:17:11;43.2;44.4;1394.0;1989;89;56
06.05.2020 18:17:12;42.2;44.5;1401.0;1992;88;56
06.05.2020 18:17:12;35.1;44.7;1404.0;2003;88;56
06.05.2020 18:17:13;40.3;44.5;1412.0;2010;88;56
06.05.2020 18:17:13;48.5;44.2;1416.0;1977;89;56
06.05.2020 18:17:14;58.7;43.9;1426.0;1971;91;56
06.05.2020 18:17:14;69.3;43.5;1437.0;1951;92;56
06.05.2020 18:17:15;71.3;43.4;1441.0;1961;92;56
06.05.2020 18:17:15;74.3;43.1;1449.0;1978;94;56
06.05.2020 18:17:16;85.0;42.8;1461.0;1974;95;56
06.05.2020 18:17:16;82.6;42.9;1475.0;1995;95;56
06.05.2020 18:17:17;85.5;42.7;1485.0;1985;96;58
06.05.2020 18:17:17;92.5;42.4;1499.0;1977;96;58
06.05.2020 18:17:18;80.8;42.7;1513.0;1987;96;58
06.05.2020 18:17:18;78.7;42.8;1522.0;2005;96;58
06.05.2020 18:17:19;82.5;42.6;1531.0;1989;96;58
06.05.2020 18:17:19;77.0;42.8;1549.0;1981;95;58
06.05.2020 18:17:20;90.3;42.3;1559.0;1974;97;58
06.05.2020 18:17:20;95.8;42.2;1569.0;1972;96;58
06.05.2020 18:17:21;90.9;42.3;1579.0;1964;95;58
06.05.2020 18:17:21;59.3;43.4;1596.0;1982;92;60
06.05.2020 18:17:22;56.9;43.4;1599.0;1978;92;60
06.05.2020 18:17:22;60.1;43.4;1609.0;1972;92;60
06.05.2020 18:17:23;41.8;43.9;1615.0;2000;90;60
06.05.2020 18:17:23;42.4;43.6;1622.0;2005;90;60
06.05.2020 18:17:24;42.1;43.7;1624.0;2000;90;60
06.05.2020 18:17:24;40.1;43.9;1633.0;2013;90;60
06.05.2020 18:17:25;39.1;43.9;1638.0;2006;90;60
06.05.2020 18:17:25;40.7;43.9;1640.0;2005;90;60
06.05.2020 18:17:26;28.5;44.3;1650.0;2012;87;60
06.05.2020 18:17:26;32.0;44.2;1651.0;1993;88;60
06.05.2020 18:17:27;27.3;44.4;1656.0;2002;87;60
06.05.2020 18:17:27;22.8;44.6;1661.0;2019;86;60
06.05.2020 18:17:28;21.4;44.7;1663.0;2031;86;60
06.05.2020 18:17:28;24.3;44.7;1667.0;2019;86;60
06.05.2020 18:17:29;26.6;44.6;1670.0;2007;86;60
06.05.2020 18:17:29;40.5;44.1;1675.0;1992;89;60
06.05.2020 18:17:30;61.3;43.4;1684.0;1977;92;60
06.05.2020 18:17:30;80.6;42.7;1687.0;1978;95;60
06.05.2020 18:17:31;112.7;41.2;1701.0;1940;99;60
06.05.2020 18:17:31;111.8;41.3;1719.0;1975;99;60
06.05.2020 18:17:32;105.9;41.3;1731.0;1964;99;60
06.05.2020 18:17:32;112.6;40.9;1749.0;1940;99;60
06.05.2020 18:17:33;103.7;41.0;1766.0;1930;99;60
06.05.2020 18:17:33;101.6;41.0;1778.0;1933;99;60
06.05.2020 18:17:34;109.0;40.9;1784.0;1948;99;62
06.05.2020 18:17:34;113.2;40.3;1801.0;1920;99;62
06.05.2020 18:17:35;98.8;41.0;1814.0;1907;98;62
06.05.2020 18:17:35;59.2;42.6;1828.0;1962;93;62
06.05.2020 18:17:36;74.7;42.1;1839.0;1957;94;62
06.05.2020 18:17:36;65.3;42.5;1843.0;1961;93;62
06.05.2020 18:17:37;58.6;42.7;1851.0;1971;92;62
06.05.2020 18:17:37;44.9;43.3;1862.0;1996;91;64
06.05.2020 18:17:38;40.2;43.5;1869.0;2004;90;64
06.05.2020 18:17:38;39.8;43.6;1873.0;2002;90;64
06.05.2020 18:17:39;41.0;43.6;1880.0;2005;90;64
06.05.2020 18:17:39;40.0;43.6;1884.0;2005;90;64
06.05.2020 18:17:40;39.0;43.7;1891.0;2008;90;64
06.05.2020 18:17:40;39.3;43.7;1895.0;2007;90;64
06.05.2020 18:17:41;38.4;43.8;1901.0;2010;90;64
06.05.2020 18:17:41;36.1;43.9;1905.0;2011;89;64
06.05.2020 18:17:42;38.3;43.8;1909.0;2005;90;64
06.05.2020 18:17:42;55.4;43.3;1916.0;1986;92;64
06.05.2020 18:17:43;50.9;43.4;1922.0;1997;92;64
06.05.2020 18:17:43;47.4;43.5;1933.0;2007;91;64
06.05.2020 18:17:44;60.0;43.1;1939.0;1996;93;64
06.05.2020 18:17:44;57.2;43.2;1949.0;2023;93;64
06.05.2020 18:17:45;50.9;43.4;1958.0;2035;93;64
06.05.2020 18:17:45;80.3;42.4;1962.0;1986;95;64
06.05.2020 18:17:46;98.6;41.5;1971.0;1963;98;64
06.05.2020 18:17:46;105.0;41.3;1993.0;1970;99;64
06.05.2020 18:17:47;95.4;41.4;2004.0;1984;99;64
06.05.2020 18:17:47;95.2;41.3;2020.0;1995;99;64
06.05.2020 18:17:48;97.8;41.4;2026.0;1990;99;64
06.05.2020 18:17:48;89.6;41.5;2047.0;1995;99;64
06.05.2020 18:17:49;100.6;41.2;2058.0;1987;99;64
06.05.2020 18:17:49;97.2;41.3;2074.0;1972;99;64
06.05.2020 18:17:50;101.1;41.1;2085.0;1947;99;64
06.05.2020 18:17:50;102.1;40.7;2097.0;1919;99;66
06.05.2020 18:17:51;104.0;40.6;2109.0;1905;99;66
06.05.2020 18:17:51;94.0;41.3;2126.0;1941;97;66
06.05.2020 18:17:52;88.6;41.4;2146.0;1950;97;66
06.05.2020 18:17:52;89.5;41.5;2151.0;1955;96;66
06.05.2020 18:17:53;47.9;42.9;2164.0;1993;92;66
06.05.2020 18:17:53;37.2;43.3;2171.0;2014;91;66
06.05.2020 18:17:54;36.8;43.4;2173.0;2013;91;66
06.05.2020 18:17:54;30.8;43.6;2180.0;2015;90;68
06.05.2020 18:17:55;28.3;43.8;2182.0;2017;89;68
06.05.2020 18:17:55;28.9;43.9;2188.0;2015;89;68
06.05.2020 18:17:56;29.3;43.9;2190.0;2012;89;68
06.05.2020 18:17:56;29.7;44.0;2194.0;2016;89;68
06.05.2020 18:17:57;30.3;44.0;2198.0;2015;89;66
06.05.2020 18:17:57;28.7;44.0;2202.0;2017;89;66
06.05.2020 18:17:58;24.1;44.2;2207.0;2019;88;66
06.05.2020 18:17:58;22.0;44.3;2210.0;2014;87;66
06.05.2020 18:17:59;43.5;43.6;2216.0;2004;91;66
06.05.2020 18:17:59;50.0;43.4;2221.0;1991;91;66
06.05.2020 18:18:00;44.5;43.6;2226.0;1997;91;66
06.05.2020 18:18:00;35.4;43.8;2234.0;2020;90;66
06.05.2020 18:18:01;40.9;43.7;2236.0;2008;90;66
06.05.2020 18:18:01;40.7;43.6;2246.0;1998;90;66
06.05.2020 18:18:02;46.2;43.5;2251.0;1995;91;66
06.05.2020 18:18:02;43.6;43.6;2256.0;1990;90;66
06.05.2020 18:18:03;41.1;43.6;2261.0;2002;90;66
06.05.2020 18:18:03;43.3;43.6;2266.0;1994;90;66
06.05.2020 18:18:04;45.1;43.5;2276.0;1998;91;66
06.05.2020 18:18:04;43.6;43.6;2281.0;1990;90;66
06.05.2020 18:18:05;42.6;43.6;2285.0;1999;90;66
06.05.2020 18:18:05;42.1;43.6;2292.0;1997;90;66
06.05.2020 18:18:06;41.1;43.7;2299.0;1999;90;66
06.05.2020 18:18:06;42.4;43.5;2304.0;1995;90;66
06.05.2020 18:18:07;42.4;43.6;2311.0;1999;90;66
06.05.2020 18:18:07;42.7;43.6;2316.0;1993;90;66
06.05.2020 18:18:08;45.3;43.5;2320.0;2000;91;66
06.05.2020 18:18:08;39.7;43.6;2330.0;1997;90;66
06.05.2020 18:18:09;32.3;43.9;2332.0;2004;89;66
06.05.2020 18:18:09;29.8;44.0;2337.0;2006;88;66
06.05.2020 18:18:10;30.2;44.0;2341.0;2000;88;66
06.05.2020 18:18:10;30.3;44.0;2344.0;2004;88;66
06.05.2020 18:18:11;29.1;44.0;2351.0;2003;88;66
06.05.2020 18:18:11;33.0;43.9;2354.0;1997;89;66
06.05.2020 18:18:12;36.7;43.8;2358.0;1997;89;64
06.05.2020 18:18:12;34.1;43.9;2364.0;1999;89;64
06.05.2020 18:18:13;33.8;43.9;2368.0;1998;89;64
06.05.2020 18:18:13;31.0;44.0;2372.0;2004;88;64
06.05.2020 18:18:14;31.1;44.0;2378.0;2001;88;64
06.05.2020 18:18:14;33.4;43.9;2384.0;1999;89;64
06.05.2020 18:18:15;31.1;44.0;2386.0;1995;88;64
06.05.2020 18:18:15;31.0;43.9;2391.0;1997;89;64
06.05.2020 18:18:16;30.1;44.0;2394.0;1999;88;64
06.05.2020 18:18:16;40.3;43.7;2402.0;1997;90;64
06.05.2020 18:18:17;50.3;43.4;2404.0;1991;91;64
06.05.2020 18:18:17;57.5;43.1;2417.0;1970;92;64
06.05.2020 18:18:18;60.1;43.0;2420.0;1975;93;64
06.05.2020 18:18:18;67.3;42.7;2426.0;1978;94;64
06.05.2020 18:18:19;65.1;42.7;2434.0;1989;94;64
06.05.2020 18:18:19;84.2;42.1;2450.0;1982;97;64
06.05.2020 18:18:20;79.5;42.2;2460.0;1998;96;64
06.05.2020 18:18:20;96.5;41.4;2473.0;1987;99;64
06.05.2020 18:18:21;88.0;41.6;2488.0;1986;99;64
06.05.2020 18:18:21;83.4;41.6;2499.0;2000;98;66
06.05.2020 18:18:22;90.6;41.4;2513.0;2003;99;66
06.05.2020 18:18:22;90.3;41.4;2518.0;1986;99;66
06.05.2020 18:18:23;89.1;41.4;2538.0;1988;99;66
06.05.2020 18:18:23;89.5;41.3;2548.0;1992;99;66
06.05.2020 18:18:24;89.7;41.3;2558.0;1983;99;66
06.05.2020 18:18:24;91.4;41.2;2573.0;1983;99;66
06.05.2020 18:18:25;92.8;41.1;2584.0;1962;99;66
06.05.2020 18:18:25;97.3;40.9;2594.0;1941;99;66
06.05.2020 18:18:26;101.2;40.7;2616.0;1931;99;68
06.05.2020 18:18:26;58.5;42.3;2626.0;1986;94;68
06.05.2020 18:18:27;66.0;42.2;2636.0;1950;94;68
06.05.2020 18:18:27;69.2;42.2;2647.0;1952;94;68
06.05.2020 18:18:28;67.2;42.3;2651.0;1962;94;68
06.05.2020 18:18:28;58.0;42.2;2662.0;1975;94;68
06.05.2020 18:18:29;52.2;42.4;2668.0;1987;93;68
06.05.2020 18:18:29;53.4;42.4;2677.0;1986;93;68
06.05.2020 18:18:30;52.5;42.5;2683.0;1989;93;68
06.05.2020 18:18:30;51.3;42.5;2693.0;1997;93;68
06.05.2020 18:18:31;51.1;42.5;2699.0;1995;93;68
06.05.2020 18:18:31;47.9;42.6;2707.0;2015;92;70
06.05.2020 18:18:32;39.7;42.9;2715.0;2021;92;70
06.05.2020 18:18:32;50.9;42.6;2721.0;1991;93;70
06.05.2020 18:18:33;59.6;42.3;2731.0;1995;94;68
06.05.2020 18:18:33;85.5;41.5;2744.0;1984;97;68
06.05.2020 18:18:34;87.4;41.2;2749.0;1989;99;68
06.05.2020 18:18:34;97.0;40.9;2764.0;1994;99;70
06.05.2020 18:18:35;88.5;41.1;2774.0;1995;99;70
06.05.2020 18:18:35;86.5;41.1;2789.0;1997;99;70
06.05.2020 18:18:36;84.1;41.2;2804.0;2000;99;70
06.05.2020 18:18:36;84.8;41.1;2813.0;2005;99;70
06.05.2020 18:18:37;86.2;41.0;2827.0;1980;99;70
06.05.2020 18:18:37;94.1;40.6;2832.0;1961;99;70
06.05.2020 18:18:38;108.6;39.7;2855.0;1896;99;70
06.05.2020 18:18:38;111.1;39.7;2868.0;1842;99;70
06.05.2020 18:18:39;111.6;39.6;2881.0;1841;99;70
06.05.2020 18:18:39;110.6;39.5;2893.0;1853;99;70
06.05.2020 18:18:40;97.9;40.1;2916.0;1918;99;72
06.05.2020 18:18:40;97.4;40.2;2926.0;1920;99;72
06.05.2020 18:18:41;61.6;41.6;2940.0;1924;94;72
06.05.2020 18:18:41;32.3;42.5;2942.0;2005;91;72
06.05.2020 18:18:42;32.7;42.7;2950.0;2007;91;72
06.05.2020 18:18:42;29.2;42.9;2951.0;2007;90;72
06.05.2020 18:18:43;29.1;42.9;2956.0;2004;90;72
06.05.2020 18:18:43;31.2;43.0;2959.0;2011;91;72
06.05.2020 18:18:44;25.8;43.2;2964.0;2034;90;72
06.05.2020 18:18:44;25.5;43.2;2967.0;2035;90;72
06.05.2020 18:18:45;22.0;43.4;2972.0;2045;89;72
06.05.2020 18:18:45;20.1;43.4;2974.0;2047;89;72
06.05.2020 18:18:46;30.2;43.2;2979.0;2012;90;72
06.05.2020 18:18:46;28.1;43.2;2984.0;2009;89;72
06.05.2020 18:18:47;26.7;43.3;2985.0;2016;89;72
06.05.2020 18:18:47;16.1;43.6;2988.0;2039;86;72
06.05.2020 18:18:48;27.2;43.3;2991.0;2008;88;72
06.05.2020 18:18:48;31.3;43.2;2994.0;1994;89;72
06.05.2020 18:18:49;30.8;43.2;2999.0;1993;89;72
06.05.2020 18:18:49;58.4;42.4;3007.0;1965;93;72
06.05.2020 18:18:50;75.3;41.8;3020.0;1955;95;72
06.05.2020 18:18:50;84.4;41.5;3029.0;1975;97;72
06.05.2020 18:18:51;85.1;41.3;3043.0;1986;97;72
06.05.2020 18:18:51;85.7;41.2;3053.0;1986;99;72
06.05.2020 18:18:52;93.7;40.8;3063.0;1971;99;72
06.05.2020 18:18:52;101.3;40.7;3079.0;1967;99;72
06.05.2020 18:18:53;94.3;40.6;3089.0;1971;99;72
06.05.2020 18:18:53;102.2;40.1;3105.0;1908;99;72
06.05.2020 18:18:54;106.4;40.0;3117.0;1869;99;72
06.05.2020 18:18:54;110.8;39.6;3136.0;1859;99;72
06.05.2020 18:18:55;109.5;39.5;3154.0;1848;99;72
06.05.2020 18:18:55;112.6;39.5;3167.0;1832;99;72
06.05.2020 18:18:56;114.1;39.1;3186.0;1821;99;72
06.05.2020 18:18:56;117.0;39.2;3193.0;1808;99;74
06.05.2020 18:18:57;122.3;38.9;3213.0;1783;99;74
06.05.2020 18:18:57;128.6;38.9;3234.0;1782;99;74
06.05.2020 18:18:58;116.9;39.0;3248.0;1799;99;74
06.05.2020 18:18:58;101.4;39.9;3266.0;1953;99;76
06.05.2020 18:18:59;73.4;40.9;3275.0;1965;97;76
06.05.2020 18:18:59;51.5;41.8;3282.0;1981;94;76
06.05.2020 18:19:00;21.5;42.8;3289.0;2021;89;76
06.05.2020 18:19:00;23.1;42.8;3291.0;1999;89;78
06.05.2020 18:19:01;24.3;42.9;3295.0;1997;89;78
06.05.2020 18:19:01;24.4;43.0;3298.0;2003;89;78
06.05.2020 18:19:02;22.8;43.0;3302.0;2008;89;78
06.05.2020 18:19:02;20.9;43.2;3306.0;2017;88;78
06.05.2020 18:19:03;18.4;43.3;3308.0;2017;88;78
06.05.2020 18:19:03;15.3;43.4;3310.0;2043;86;76
06.05.2020 18:19:04;29.1;43.2;3315.0;2035;89;76
06.05.2020 18:19:04;35.4;42.9;3316.0;2002;91;76
06.05.2020 18:19:05;44.2;42.7;3323.0;1992;92;76
06.05.2020 18:19:05;68.3;41.9;3335.0;1960;94;76
06.05.2020 18:19:06;76.7;41.8;3339.0;1961;95;76
06.05.2020 18:19:06;86.8;41.3;3344.0;1958;98;76
06.05.2020 18:19:07;99.0;40.6;3365.0;1905;99;76
06.05.2020 18:19:07;107.9;40.1;3377.0;1875;98;76
06.05.2020 18:19:08;107.5;39.7;3395.0;1839;99;76
06.05.2020 18:19:08;110.9;39.6;3407.0;1818;98;76
06.05.2020 18:19:09;116.7;39.1;3426.0;1801;99;76
06.05.2020 18:19:09;117.2;39.1;3445.0;1794;99;76
06.05.2020 18:19:10;115.6;39.1;3458.0;1803;99;78
06.05.2020 18:19:10;81.8;40.7;3476.0;1898;96;78
06.05.2020 18:19:11;53.5;41.6;3484.0;1976;94;78
06.05.2020 18:19:11;43.8;42.0;3491.0;1996;92;78
06.05.2020 18:19:12;27.9;42.6;3497.0;1999;90;78
06.05.2020 18:19:12;26.6;42.7;3498.0;1995;90;78
06.05.2020 18:19:13;28.2;42.8;3503.0;1992;90;80
06.05.2020 18:19:13;24.3;42.9;3509.0;2008;89;80
06.05.2020 18:19:14;23.6;43.0;3510.0;2008;89;80
06.05.2020 18:19:14;21.5;43.1;3513.0;2030;89;80
06.05.2020 18:19:15;12.0;43.4;3515.0;2056;87;78
06.05.2020 18:19:15;6.4;43.6;3517.0;2071;86;78
06.05.2020 18:19:16;4.9;43.7;3518.0;2072;85;78
06.05.2020 18:19:16;5.2;43.7;3518.0;2090;86;78
06.05.2020 18:19:17;4.8;43.8;3519.0;2094;86;78
06.05.2020 18:19:17;6.5;43.7;3520.0;2100;87;78
06.05.2020 18:19:18;4.8;43.8;3520.0;2089;86;78
06.05.2020 18:19:18;4.4;43.8;3521.0;2072;85;78
06.05.2020 18:19:19;4.4;43.8;3522.0;2068;84;78
06.05.2020 18:19:19;4.5;43.9;3523.0;2034;84;78
06.05.2020 18:19:20;15.7;43.6;3524.0;1997;84;76
06.05.2020 18:19:20;16.6;43.5;3526.0;1980;84;76
06.05.2020 18:19:21;21.8;43.4;3529.0;1964;86;76
06.05.2020 18:19:21;11.8;43.6;3533.0;1955;81;76
06.05.2020 18:19:22;3.0;43.8;3534.0;1872;75;76
06.05.2020 18:19:22;6.7;43.9;3534.0;1667;68;76
06.05.2020 18:19:23;6.3;43.9;3535.0;1643;68;76
06.05.2020 18:19:23;17.4;43.6;3537.0;1618;69;76
06.05.2020 18:19:24;17.4;43.5;3540.0;1618;69;76
06.05.2020 18:19:24;17.3;43.5;3541.0;1617;69;74
06.05.2020 18:19:25;17.4;43.5;3543.0;1618;69;74
06.05.2020 18:19:25;16.6;43.5;3545.0;1611;69;74
06.05.2020 18:19:26;16.9;43.5;3548.0;1612;68;74
06.05.2020 18:19:26;16.4;43.5;3551.0;1607;69;74
06.05.2020 18:19:27;16.3;43.5;3553.0;1604;68;74
06.05.2020 18:19:27;16.6;43.5;3555.0;1606;68;74
06.05.2020 18:19:28;19.3;43.4;3558.0;1601;69;74
06.05.2020 18:19:28;19.0;43.4;3561.0;1606;69;74
06.05.2020 18:19:29;18.6;43.4;3562.0;1610;69;74
06.05.2020 18:19:29;18.0;43.4;3565.0;1604;69;74
06.05.2020 18:19:30;19.1;43.4;3569.0;1605;69;74
06.05.2020 18:19:30;19.7;43.3;3570.0;1601;69;74
06.05.2020 18:19:31;21.5;43.3;3573.0;1600;70;74
06.05.2020 18:19:31;20.8;43.3;3576.0;1600;69;74
06.05.2020 18:19:32;20.2;43.3;3579.0;1606;70;74
06.05.2020 18:19:32;21.2;43.2;3583.0;1600;69;74
06.05.2020 18:19:33;22.2;43.2;3585.0;1597;70;72
06.05.2020 18:19:33;20.2;43.2;3589.0;1603;69;72
06.05.2020 18:19:34;21.0;43.2;3592.0;1602;69;72
06.05.2020 18:19:34;21.3;43.2;3593.0;1600;69;72
06.05.2020 18:19:35;19.6;43.2;3597.0;1596;69;72
06.05.2020 18:19:35;18.4;43.2;3599.0;1601;69;72
06.05.2020 18:19:36;14.7;43.4;3602.0;1592;68;72
