Date;I(A);U(V);(Q)mAh;Headspeed(rpm);PWM(%);Temp(C)
30.04.2020 14:44:36;0.1;49.9;0.0;45;2;40
30.04.2020 14:44:36;0.1;49.9;0.0;57;2;40
30.04.2020 14:44:36;0.1;49.9;0.0;57;2;40
30.04.2020 14:44:36;0.1;49.9;0.0;64;3;40
30.04.2020 14:44:37;0.2;49.9;0.0;83;3;40
30.04.2020 14:44:37;0.7;49.9;0.0;111;4;40
30.04.2020 14:44:38;1.8;49.8;0.0;181;7;40
30.04.2020 14:44:38;3.9;49.8;0.0;251;13;40
30.04.2020 14:44:39;5.1;49.8;1.0;461;15;40
30.04.2020 14:44:39;9.0;49.6;2.0;523;24;40
30.04.2020 14:44:40;13.7;49.5;4.0;757;30;40
30.04.2020 14:44:40;17.8;49.3;6.0;987;39;40
30.04.2020 14:44:41;20.2;49.2;8.0;1091;45;40
30.04.2020 14:44:41;23.6;49.1;11.0;1157;48;40
30.04.2020 14:44:42;22.9;49.1;15.0;1276;50;40
30.04.2020 14:44:42;25.7;48.9;19.0;1380;55;40
30.04.2020 14:44:43;25.5;48.9;22.0;1451;59;40
30.04.2020 14:44:43;26.6;48.8;26.0;1531;61;40
30.04.2020 14:44:44;32.9;48.4;28.0;1562;64;40
30.04.2020 14:44:44;34.3;48.2;33.0;1652;68;42
30.04.2020 14:44:45;32.5;48.2;39.0;1762;72;42
30.04.2020 14:44:45;31.6;48.2;41.0;1799;73;42
30.04.2020 14:44:46;42.1;47.8;50.0;1909;78;42
30.04.2020 14:44:46;37.5;47.8;56.0;1962;82;42
30.04.2020 14:44:47;50.6;47.4;63.0;2035;82;42
30.04.2020 14:44:47;74.5;46.5;66.0;2059;88;42
30.04.2020 14:44:48;26.5;48.1;76.0;2027;80;42
30.04.2020 14:44:48;32.8;47.8;80.0;2023;82;42
30.04.2020 14:44:49;42.9;47.6;85.0;2053;84;42
30.04.2020 14:44:49;39.6;47.6;89.0;2052;84;42
30.04.2020 14:44:50;43.4;47.5;97.0;2048;85;42
30.04.2020 14:44:50;45.6;47.3;100.0;2051;85;42
30.04.2020 14:44:51;44.8;47.3;107.0;2054;85;42
30.04.2020 14:44:51;46.9;47.2;115.0;2047;86;42
30.04.2020 14:44:52;52.2;47.1;120.0;2043;86;42
30.04.2020 14:44:52;36.7;47.6;125.0;2040;83;42
30.04.2020 14:44:53;54.9;47.0;131.0;2052;87;42
30.04.2020 14:44:53;52.1;47.0;137.0;2052;87;42
30.04.2020 14:44:54;60.9;46.7;143.0;2047;88;42
30.04.2020 14:44:54;47.5;47.1;152.0;2048;86;42
30.04.2020 14:44:55;41.9;47.3;159.0;2048;85;44
30.04.2020 14:44:55;38.7;47.4;161.0;2042;84;44
30.04.2020 14:44:56;44.8;47.2;170.0;2056;86;44
30.04.2020 14:44:56;63.6;46.6;173.0;2050;88;44
30.04.2020 14:44:57;52.2;46.8;185.0;2055;87;44
30.04.2020 14:44:57;52.4;46.9;191.0;2055;87;44
30.04.2020 14:44:58;72.6;46.2;201.0;2041;90;44
30.04.2020 14:44:58;75.5;46.2;209.0;2038;89;44
30.04.2020 14:44:59;49.7;46.8;218.0;2052;87;44
30.04.2020 14:44:59;50.7;46.8;223.0;2057;87;44
30.04.2020 14:45:00;49.7;46.8;232.0;2046;87;44
30.04.2020 14:45:00;45.4;46.9;237.0;2055;87;44
30.04.2020 14:45:01;36.0;47.3;245.0;2063;85;44
30.04.2020 14:45:01;41.5;47.0;248.0;2071;86;44
30.04.2020 14:45:02;57.1;46.6;253.0;2060;88;44
30.04.2020 14:45:02;29.0;47.4;261.0;2058;83;44
30.04.2020 14:45:03;29.4;47.4;266.0;2052;84;44
30.04.2020 14:45:03;26.6;47.6;271.0;2058;83;44
30.04.2020 14:45:04;27.8;47.5;272.0;2059;83;44
30.04.2020 14:45:04;24.3;47.6;277.0;2056;82;44
30.04.2020 14:45:05;24.2;47.6;281.0;2052;82;44
30.04.2020 14:45:05;24.6;47.6;284.0;2053;82;44
30.04.2020 14:45:06;25.8;47.6;287.0;2045;82;44
30.04.2020 14:45:06;22.4;47.7;290.0;2046;80;44
30.04.2020 14:45:07;26.9;47.6;294.0;2050;82;44
30.04.2020 14:45:07;29.6;47.5;299.0;2034;83;44
30.04.2020 14:45:08;25.2;47.6;304.0;2058;82;44
30.04.2020 14:45:08;31.2;47.4;305.0;2064;84;44
30.04.2020 14:45:09;30.2;47.4;310.0;2055;84;44
30.04.2020 14:45:09;32.8;47.3;316.0;2060;84;44
30.04.2020 14:45:10;36.2;47.2;321.0;2062;85;44
30.04.2020 14:45:10;34.5;47.3;327.0;2065;85;44
30.04.2020 14:45:11;30.8;47.4;329.0;2057;84;44
30.04.2020 14:45:11;33.5;47.3;334.0;2056;84;44
30.04.2020 14:45:12;36.0;47.1;340.0;2053;85;44
30.04.2020 14:45:12;38.4;47.1;342.0;2064;85;44
30.04.2020 14:45:13;43.4;47.0;351.0;2053;86;44
30.04.2020 14:45:13;33.9;47.2;355.0;2048;85;44
30.04.2020 14:45:14;41.0;47.0;359.0;2056;86;44
30.04.2020 14:45:14;40.0;47.1;366.0;2052;85;44
30.04.2020 14:45:15;24.1;47.5;370.0;2052;82;44
30.04.2020 14:45:15;24.9;47.4;372.0;2045;82;44
30.04.2020 14:45:16;30.8;47.2;377.0;2054;84;44
30.04.2020 14:45:16;36.9;47.1;383.0;2049;85;44
30.04.2020 14:45:17;34.8;47.2;387.0;2063;85;44
30.04.2020 14:45:17;38.5;47.1;393.0;2055;85;44
30.04.2020 14:45:18;35.9;47.1;397.0;2055;85;44
30.04.2020 14:45:18;42.8;46.9;404.0;2054;86;44
30.04.2020 14:45:19;39.8;46.9;408.0;2066;86;44
30.04.2020 14:45:19;48.6;46.6;415.0;2059;87;46
30.04.2020 14:45:20;43.0;46.7;421.0;2068;87;46
30.04.2020 14:45:20;37.5;46.9;425.0;2056;85;46
30.04.2020 14:45:21;39.4;46.8;432.0;2049;86;46
30.04.2020 14:45:21;39.0;46.8;438.0;2051;86;46
30.04.2020 14:45:22;40.4;46.8;443.0;2055;86;46
30.04.2020 14:45:22;35.0;46.9;447.0;2047;85;46
30.04.2020 14:45:23;35.1;46.9;453.0;2059;85;46
30.04.2020 14:45:23;39.4;46.8;459.0;2050;86;46
30.04.2020 14:45:24;36.2;46.9;461.0;2049;85;46
30.04.2020 14:45:24;39.5;46.8;468.0;2052;86;46
30.04.2020 14:45:25;49.4;46.4;475.0;2062;88;46
30.04.2020 14:45:25;50.5;46.4;483.0;2054;88;46
30.04.2020 14:45:26;43.5;46.6;488.0;2055;86;46
30.04.2020 14:45:26;45.1;46.5;496.0;2052;87;46
30.04.2020 14:45:27;40.0;46.6;503.0;2050;86;46
30.04.2020 14:45:27;42.4;46.6;505.0;2056;87;46
30.04.2020 14:45:28;48.4;46.3;513.0;2053;88;46
30.04.2020 14:45:28;52.2;46.2;522.0;2040;88;46
30.04.2020 14:45:29;49.9;46.3;528.0;2047;88;46
30.04.2020 14:45:29;51.4;46.2;536.0;2063;88;46
30.04.2020 14:45:30;48.3;46.3;542.0;2056;88;46
30.04.2020 14:45:30;35.2;46.7;547.0;2057;86;46
30.04.2020 14:45:31;35.5;46.6;553.0;2056;86;46
30.04.2020 14:45:31;44.1;46.5;560.0;2060;87;46
30.04.2020 14:45:32;48.3;46.3;566.0;2050;88;46
30.04.2020 14:45:32;42.9;46.4;571.0;2052;87;46
30.04.2020 14:45:33;42.7;46.4;579.0;2061;87;46
30.04.2020 14:45:33;52.2;46.0;584.0;2052;88;46
30.04.2020 14:45:34;49.0;45.9;596.0;2049;88;46
30.04.2020 14:45:34;46.2;45.9;598.0;2050;87;46
30.04.2020 14:45:35;46.6;45.9;606.0;2052;88;46
30.04.2020 14:45:35;35.6;46.2;611.0;2058;86;46
30.04.2020 14:45:36;47.8;45.8;618.0;2055;88;46
30.04.2020 14:45:36;81.0;44.7;626.0;2063;94;46
30.04.2020 14:45:37;103.3;44.2;634.0;2064;95;46
30.04.2020 14:45:37;58.8;45.4;651.0;2068;90;46
30.04.2020 14:45:38;77.5;44.7;666.0;2063;93;48
30.04.2020 14:45:38;72.1;44.9;669.0;2064;92;48
30.04.2020 14:45:39;53.8;45.3;678.0;2048;89;48
30.04.2020 14:45:39;32.4;45.9;681.0;2041;85;48
30.04.2020 14:45:40;52.5;45.4;689.0;2042;89;48
30.04.2020 14:45:40;37.9;45.9;694.0;2046;86;48
30.04.2020 14:45:41;62.9;45.1;698.0;2045;90;48
30.04.2020 14:45:41;83.2;44.5;712.0;2047;94;48
30.04.2020 14:45:42;82.2;44.5;721.0;2060;94;48
30.04.2020 14:45:42;37.4;45.7;731.0;2045;87;48
30.04.2020 14:45:43;36.8;45.8;735.0;2048;86;48
30.04.2020 14:45:43;31.8;45.9;739.0;2042;86;48
30.04.2020 14:45:44;36.9;45.7;746.0;2041;87;48
30.04.2020 14:45:44;36.4;45.8;750.0;2036;86;48
30.04.2020 14:45:45;62.1;45.1;758.0;2055;91;48
30.04.2020 14:45:45;55.5;45.2;770.0;2052;91;48
30.04.2020 14:45:46;57.0;45.1;779.0;2034;91;48
30.04.2020 14:45:46;58.2;45.2;782.0;2034;89;48
30.04.2020 14:45:47;84.8;44.2;804.0;2058;94;48
30.04.2020 14:45:47;50.9;45.1;808.0;2050;89;48
30.04.2020 14:45:48;27.5;45.9;814.0;2031;84;48
30.04.2020 14:45:48;19.4;46.2;817.0;2039;82;48
30.04.2020 14:45:49;37.1;45.8;823.0;2051;85;48
30.04.2020 14:45:49;22.8;46.1;825.0;2009;84;48
30.04.2020 14:45:50;34.9;45.8;831.0;2040;86;48
30.04.2020 14:45:50;45.5;45.5;836.0;2060;89;48
30.04.2020 14:45:51;51.2;45.3;844.0;2075;90;48
30.04.2020 14:45:51;131.8;42.8;858.0;2077;99;48
30.04.2020 14:45:52;180.9;41.3;877.0;1856;99;48
30.04.2020 14:45:52;41.7;45.2;894.0;2028;87;50
30.04.2020 14:45:53;25.4;45.8;900.0;2034;84;50
30.04.2020 14:45:53;26.3;45.8;903.0;2031;85;50
30.04.2020 14:45:54;32.0;45.7;908.0;2051;86;50
30.04.2020 14:45:54;123.3;43.0;918.0;2048;98;50
30.04.2020 14:45:55;128.0;42.9;931.0;2071;99;50
30.04.2020 14:45:55;33.0;45.5;936.0;2056;87;50
30.04.2020 14:45:56;28.7;45.7;943.0;2042;86;50
30.04.2020 14:45:56;38.1;45.4;944.0;2066;88;50
30.04.2020 14:45:57;41.7;45.4;952.0;2032;88;50
30.04.2020 14:45:57;56.7;44.9;957.0;2072;92;50
30.04.2020 14:45:58;134.1;43.1;974.0;1984;95;50
30.04.2020 14:45:58;56.6;44.6;984.0;2069;94;50
30.04.2020 14:45:59;29.0;45.6;994.0;2071;87;50
30.04.2020 14:45:59;53.5;44.8;998.0;2067;92;50
30.04.2020 14:46:00;21.6;45.8;1005.0;2088;86;50
30.04.2020 14:46:00;38.7;45.4;1007.0;2061;89;50
30.04.2020 14:46:01;54.9;45.0;1013.0;2082;92;50
30.04.2020 14:46:01;74.9;44.2;1026.0;2075;94;50
30.04.2020 14:46:02;45.6;45.2;1031.0;2060;89;50
30.04.2020 14:46:02;48.3;45.1;1037.0;2077;89;52
30.04.2020 14:46:03;44.5;45.1;1045.0;2087;90;52
30.04.2020 14:46:03;28.6;45.7;1051.0;2077;87;52
30.04.2020 14:46:04;67.2;44.6;1056.0;2039;92;52
30.04.2020 14:46:04;19.0;46.0;1061.0;2045;83;52
30.04.2020 14:46:05;22.7;45.9;1062.0;2074;85;52
30.04.2020 14:46:05;22.6;45.9;1068.0;2071;85;52
30.04.2020 14:46:06;84.6;44.2;1075.0;2015;96;52
30.04.2020 14:46:06;32.7;45.6;1085.0;2055;86;52
30.04.2020 14:46:07;39.1;45.4;1091.0;2066;88;52
30.04.2020 14:46:07;73.7;44.2;1095.0;2050;93;52
30.04.2020 14:46:08;68.5;44.7;1104.0;2071;90;52
30.04.2020 14:46:08;48.0;45.0;1110.0;2042;89;52
30.04.2020 14:46:09;23.2;45.8;1116.0;2065;85;52
30.04.2020 14:46:09;138.1;42.3;1129.0;2065;99;52
30.04.2020 14:46:10;81.6;44.1;1139.0;2052;93;52
30.04.2020 14:46:10;40.1;45.2;1143.0;2068;88;52
30.04.2020 14:46:11;47.9;44.9;1147.0;2063;91;52
30.04.2020 14:46:11;47.8;45.0;1156.0;2074;90;52
30.04.2020 14:46:12;68.2;44.3;1165.0;2031;94;52
30.04.2020 14:46:12;23.3;45.6;1169.0;2052;85;52
30.04.2020 14:46:13;53.4;44.9;1175.0;2081;91;52
30.04.2020 14:46:13;90.0;43.7;1187.0;2077;96;52
30.04.2020 14:46:14;48.7;45.1;1189.0;2039;89;52
30.04.2020 14:46:14;30.5;45.4;1197.0;2047;87;52
30.04.2020 14:46:15;23.5;45.6;1202.0;2061;86;52
30.04.2020 14:46:15;55.5;44.8;1206.0;2069;91;52
30.04.2020 14:46:16;25.3;45.6;1210.0;2058;86;52
30.04.2020 14:46:16;37.3;45.2;1215.0;2031;88;52
30.04.2020 14:46:17;26.6;45.6;1217.0;2039;85;52
30.04.2020 14:46:17;31.8;45.5;1223.0;2055;87;52
30.04.2020 14:46:18;44.3;45.1;1238.0;2149;91;52
30.04.2020 14:46:19;44.8;45.2;1238.0;2149;92;52
30.04.2020 14:46:19;42.8;45.1;1238.0;2149;93;52
30.04.2020 14:46:19;72.1;44.2;1245.0;2200;97;52
30.04.2020 14:46:20;76.9;44.3;1253.0;2186;97;52
30.04.2020 14:46:20;39.6;45.2;1257.0;2174;94;52
30.04.2020 14:46:21;32.0;45.4;1268.0;2222;92;52
30.04.2020 14:46:21;78.8;43.9;1272.0;2140;99;52
30.04.2020 14:46:22;70.3;44.1;1288.0;2181;98;52
30.04.2020 14:46:22;53.3;44.6;1295.0;2194;96;52
30.04.2020 14:46:23;98.6;43.4;1301.0;2216;99;52
30.04.2020 14:46:23;82.5;43.9;1310.0;2198;99;52
30.04.2020 14:46:24;59.2;44.4;1318.0;2206;96;52
30.04.2020 14:46:24;75.8;44.0;1327.0;2196;99;52
30.04.2020 14:46:25;28.3;45.4;1331.0;2184;92;52
30.04.2020 14:46:25;67.4;44.1;1345.0;2222;99;52
30.04.2020 14:46:26;20.5;45.4;1354.0;2188;92;52
30.04.2020 14:46:26;81.6;43.6;1356.0;2209;99;52
30.04.2020 14:46:27;57.1;44.4;1364.0;2203;97;52
30.04.2020 14:46:27;19.7;45.4;1375.0;2198;91;52
30.04.2020 14:46:28;29.4;45.2;1378.0;2194;93;52
30.04.2020 14:46:28;36.7;45.0;1383.0;2187;94;52
30.04.2020 14:46:29;37.7;45.0;1388.0;2189;94;52
30.04.2020 14:46:29;29.3;45.3;1394.0;2202;93;52
30.04.2020 14:46:30;23.6;45.4;1398.0;2212;92;52
30.04.2020 14:46:30;25.3;45.4;1402.0;2176;92;52
30.04.2020 14:46:31;45.5;44.9;1407.0;2179;94;52
30.04.2020 14:46:31;32.6;45.2;1412.0;2188;94;52
30.04.2020 14:46:32;33.4;45.2;1416.0;2208;94;52
30.04.2020 14:46:32;45.1;44.9;1423.0;2206;95;52
30.04.2020 14:46:33;53.3;44.7;1431.0;2158;96;52
30.04.2020 14:46:33;38.6;45.0;1435.0;2194;94;52
30.04.2020 14:46:34;21.0;45.4;1442.0;2200;92;52
30.04.2020 14:46:34;41.4;45.0;1447.0;2185;94;52
30.04.2020 14:46:35;31.1;45.2;1452.0;2204;93;52
30.04.2020 14:46:35;45.0;44.8;1455.0;2157;95;52
30.04.2020 14:46:36;76.2;43.8;1464.0;2214;99;52
30.04.2020 14:46:36;61.5;44.2;1472.0;2195;99;52
30.04.2020 14:46:37;98.3;43.4;1480.0;2138;99;52
30.04.2020 14:46:37;53.7;44.3;1486.0;2159;97;52
30.04.2020 14:46:38;35.1;44.9;1496.0;2198;94;52
30.04.2020 14:46:38;28.9;45.0;1503.0;2203;93;52
30.04.2020 14:46:39;87.9;43.5;1511.0;2095;99;52
30.04.2020 14:46:39;51.7;44.4;1520.0;2187;96;52
30.04.2020 14:46:40;91.5;43.3;1530.0;2185;99;52
30.04.2020 14:46:40;33.4;44.8;1535.0;2223;95;52
30.04.2020 14:46:41;107.5;42.8;1539.0;2105;99;52
30.04.2020 14:46:41;49.9;44.4;1552.0;2163;96;52
30.04.2020 14:46:42;30.3;45.0;1558.0;2200;94;52
30.04.2020 14:46:42;78.7;43.8;1564.0;2187;99;52
30.04.2020 14:46:43;62.0;44.2;1571.0;2196;97;52
30.04.2020 14:46:43;36.7;44.8;1578.0;2214;95;52
30.04.2020 14:46:44;82.4;43.3;1587.0;2158;99;52
30.04.2020 14:46:44;74.3;43.5;1596.0;2193;99;52
30.04.2020 14:46:45;66.0;43.7;1606.0;2188;96;52
30.04.2020 14:46:45;39.4;44.2;1612.0;2167;96;52
30.04.2020 14:46:46;58.0;43.9;1615.0;2187;96;52
30.04.2020 14:46:46;104.5;42.6;1627.0;2119;99;52
30.04.2020 14:46:47;61.3;43.6;1639.0;2169;99;52
30.04.2020 14:46:47;26.9;44.4;1643.0;2206;95;52
30.04.2020 14:46:48;106.6;42.5;1652.0;2158;99;52
30.04.2020 14:46:48;75.1;43.1;1662.0;2184;99;54
30.04.2020 14:46:49;35.0;44.3;1664.0;2191;94;54
30.04.2020 14:46:49;66.7;43.3;1674.0;2154;99;54
30.04.2020 14:46:50;40.2;44.1;1687.0;2187;94;54
30.04.2020 14:46:50;18.3;44.7;1692.0;2199;91;54
30.04.2020 14:46:51;76.0;43.0;1705.0;2189;99;54
30.04.2020 14:46:51;66.7;43.4;1715.0;2172;97;54
30.04.2020 14:46:52;61.6;43.4;1720.0;2172;99;54
30.04.2020 14:46:52;57.5;43.4;1731.0;2185;98;54
30.04.2020 14:46:53;62.0;43.5;1734.0;2165;98;54
30.04.2020 14:46:53;67.0;43.4;1747.0;2188;98;54
30.04.2020 14:46:54;50.3;43.8;1753.0;2170;96;54
30.04.2020 14:46:54;43.2;43.8;1760.0;2207;97;54
30.04.2020 14:46:55;51.8;43.8;1770.0;2180;95;54
30.04.2020 14:46:55;54.2;43.7;1775.0;2140;95;54
30.04.2020 14:46:56;65.8;43.1;1784.0;2122;99;54
30.04.2020 14:46:56;65.6;43.3;1795.0;2156;99;54
30.04.2020 14:46:57;45.0;43.7;1804.0;2189;98;54
30.04.2020 14:46:57;48.5;43.8;1808.0;2211;96;54
30.04.2020 14:46:58;75.7;42.9;1816.0;2176;99;54
30.04.2020 14:46:58;86.4;42.8;1825.0;2197;99;54
30.04.2020 14:46:59;77.7;42.8;1831.0;2197;99;54
30.04.2020 14:46:59;74.6;42.8;1842.0;2214;99;54
30.04.2020 14:47:00;74.8;43.0;1850.0;2200;99;54
30.04.2020 14:47:00;71.3;43.2;1859.0;2209;97;54
30.04.2020 14:47:01;50.8;43.6;1868.0;2190;97;54
30.04.2020 14:47:01;56.6;43.5;1873.0;2193;98;54
30.04.2020 14:47:02;32.3;44.0;1882.0;2205;96;54
30.04.2020 14:47:02;70.9;43.0;1888.0;2185;99;54
30.04.2020 14:47:03;19.9;44.5;1892.0;2189;90;54
30.04.2020 14:47:03;30.9;44.1;1903.0;2209;95;54
30.04.2020 14:47:04;23.4;44.3;1910.0;2190;93;54
30.04.2020 14:47:04;42.2;43.8;1915.0;2175;97;54
30.04.2020 14:47:05;66.6;43.3;1919.0;2164;98;54
30.04.2020 14:47:05;32.1;44.1;1928.0;2200;95;54
30.04.2020 14:47:06;36.6;44.0;1932.0;2202;95;54
30.04.2020 14:47:06;37.7;44.0;1936.0;2205;95;54
30.04.2020 14:47:07;37.2;44.1;1940.0;2204;95;54
30.04.2020 14:47:07;41.7;43.9;1946.0;2207;96;54
30.04.2020 14:47:08;42.2;43.9;1954.0;2208;97;54
30.04.2020 14:47:08;53.4;43.6;1959.0;2208;98;54
30.04.2020 14:47:09;61.3;43.4;1968.0;2198;98;54
30.04.2020 14:47:09;63.2;43.3;1975.0;2191;99;54
30.04.2020 14:47:10;74.4;43.0;1987.0;2169;99;54
30.04.2020 14:47:10;53.6;43.5;1994.0;2160;97;54
30.04.2020 14:47:11;47.4;43.6;2003.0;2103;94;54
30.04.2020 14:47:11;73.5;42.9;2010.0;2150;99;54
30.04.2020 14:47:12;56.5;43.2;2025.0;2201;99;54
30.04.2020 14:47:12;6.3;44.7;2027.0;2225;89;54
30.04.2020 14:47:13;16.5;44.5;2028.0;2219;93;54
30.04.2020 14:47:13;41.8;43.8;2031.0;2193;96;54
30.04.2020 14:47:14;46.8;43.7;2042.0;2148;95;54
30.04.2020 14:47:14;33.8;44.0;2047.0;2170;94;54
30.04.2020 14:47:15;30.4;44.1;2049.0;2145;93;54
30.04.2020 14:47:15;24.9;44.2;2057.0;2169;93;54
30.04.2020 14:47:16;32.8;44.1;2059.0;2188;94;54
30.04.2020 14:47:16;27.1;44.2;2063.0;2193;94;54
30.04.2020 14:47:17;38.4;44.0;2067.0;2187;95;54
30.04.2020 14:47:17;26.8;44.3;2072.0;2203;94;54
30.04.2020 14:47:18;22.8;44.4;2073.0;2213;94;54
30.04.2020 14:47:18;26.0;44.3;2078.0;2187;93;54
30.04.2020 14:47:19;26.1;44.3;2079.0;2185;93;54
30.04.2020 14:47:19;25.9;44.4;2085.0;2174;93;54
30.04.2020 14:47:20;25.4;44.3;2090.0;2195;94;54
30.04.2020 14:47:20;29.0;44.3;2094.0;2182;94;54
30.04.2020 14:47:21;28.8;44.2;2096.0;2199;94;54
30.04.2020 14:47:21;35.2;44.1;2101.0;2190;95;54
30.04.2020 14:47:22;75.2;43.1;2109.0;2102;99;54
30.04.2020 14:47:22;99.0;42.4;2114.0;2020;99;54
30.04.2020 14:47:23;96.5;42.4;2132.0;2145;99;54
30.04.2020 14:47:23;94.3;42.3;2139.0;2185;99;54
30.04.2020 14:47:24;98.0;42.2;2153.0;2075;99;54
30.04.2020 14:47:24;101.1;41.9;2166.0;2109;99;54
30.04.2020 14:47:25;99.5;41.8;2172.0;2050;99;54
30.04.2020 14:47:25;124.0;41.1;2192.0;2043;99;54
30.04.2020 14:47:26;120.3;41.5;2205.0;1969;99;54
30.04.2020 14:47:26;121.3;41.1;2227.0;1977;99;54
30.04.2020 14:47:27;123.1;41.0;2247.0;2031;99;56
30.04.2020 14:47:27;108.8;41.2;2260.0;1917;99;56
30.04.2020 14:47:28;102.0;41.4;2281.0;1958;99;56
30.04.2020 14:47:28;117.8;41.0;2292.0;1912;99;56
30.04.2020 14:47:29;115.6;40.9;2307.0;1956;99;56
30.04.2020 14:47:29;33.9;43.5;2329.0;2013;79;56
30.04.2020 14:47:30;114.5;41.2;2347.0;1949;99;58
30.04.2020 14:47:30;121.7;40.9;2360.0;1994;99;58
30.04.2020 14:47:31;106.2;41.1;2381.0;1990;99;58
30.04.2020 14:47:31;109.3;41.1;2400.0;1909;99;58
30.04.2020 14:47:32;131.0;40.6;2411.0;1984;99;58
30.04.2020 14:47:32;129.3;40.6;2423.0;2004;99;58
30.04.2020 14:47:33;76.0;42.4;2436.0;1955;92;58
30.04.2020 14:47:33;148.3;39.7;2455.0;1915;99;60
30.04.2020 14:47:34;22.1;43.6;2466.0;1888;83;60
30.04.2020 14:47:34;114.0;40.9;2488.0;1945;99;60
30.04.2020 14:47:35;128.9;40.3;2508.0;1946;99;60
30.04.2020 14:47:35;124.4;40.5;2521.0;1922;99;60
30.04.2020 14:47:36;137.5;39.7;2544.0;1883;99;60
30.04.2020 14:47:36;155.5;39.4;2551.0;1941;99;62
30.04.2020 14:47:37;114.9;40.5;2578.0;1887;99;62
30.04.2020 14:47:37;121.6;40.3;2586.0;1954;99;62
30.04.2020 14:47:38;117.5;40.4;2613.0;1944;99;62
30.04.2020 14:47:38;103.9;40.7;2619.0;1914;99;62
30.04.2020 14:47:39;124.1;40.0;2640.0;1916;99;62
30.04.2020 14:47:39;142.2;39.9;2668.0;1900;97;64
30.04.2020 14:47:40;109.4;40.6;2674.0;1886;99;64
30.04.2020 14:47:40;117.8;40.4;2695.0;1912;99;64
30.04.2020 14:47:41;122.9;40.2;2709.0;1840;99;64
30.04.2020 14:47:41;97.3;41.1;2724.0;1896;96;64
30.04.2020 14:47:42;134.5;40.4;2750.0;1912;94;66
30.04.2020 14:47:42;136.2;39.9;2761.0;1861;99;66
30.04.2020 14:47:43;130.3;40.1;2782.0;1893;99;66
30.04.2020 14:47:43;140.0;39.8;2789.0;1891;99;66
30.04.2020 14:47:44;0.2;43.6;2806.0;1871;73;66
30.04.2020 14:47:44;20.4;43.3;2807.0;1774;77;66
30.04.2020 14:47:45;9.1;43.7;2811.0;1787;73;66
30.04.2020 14:47:45;7.9;43.8;2815.0;1772;71;66
30.04.2020 14:47:46;7.7;44.0;2816.0;1688;69;66
30.04.2020 14:47:46;15.4;43.9;2817.0;1669;69;66
30.04.2020 14:47:47;12.3;44.0;2819.0;1588;67;66
30.04.2020 14:47:47;27.5;43.8;2820.0;1602;70;66
30.04.2020 14:47:48;19.8;43.9;2825.0;1613;68;66
30.04.2020 14:47:48;17.8;44.0;2828.0;1598;67;66
30.04.2020 14:47:49;25.8;43.8;2830.0;1587;69;66
30.04.2020 14:47:49;21.6;43.9;2832.0;1591;67;66
30.04.2020 14:47:50;20.5;44.0;2836.0;1547;65;66
30.04.2020 14:47:50;13.6;44.2;2839.0;1523;63;66
30.04.2020 14:47:51;4.7;44.5;2840.0;1218;49;66
30.04.2020 14:47:51;1.6;44.6;2841.0;1334;52;66
30.04.2020 14:47:52;4.5;44.6;2841.0;1180;50;66
30.04.2020 14:47:52;5.5;44.5;2842.0;1255;51;66
30.04.2020 14:47:53;6.5;44.5;2843.0;1237;51;66
30.04.2020 14:47:53;17.5;44.3;2845.0;1250;52;66
30.04.2020 14:47:54;8.2;44.5;2847.0;1247;50;64
30.04.2020 14:47:55;0.3;44.8;2850.0;273;10;64
30.04.2020 14:47:56;0.3;44.8;2850.0;273;10;64
30.04.2020 14:47:56;0.2;44.8;2850.0;257;9;64
30.04.2020 14:47:56;0.2;44.8;2850.0;257;9;64
30.04.2020 14:47:56;0.7;44.8;2850.0;267;9;64
30.04.2020 14:47:57;0.5;44.8;2850.0;249;10;64
30.04.2020 14:47:57;0.8;44.8;2850.0;274;10;64
30.04.2020 14:47:58;0.6;44.9;2850.0;249;10;64
30.04.2020 14:47:58;0.4;44.9;2850.0;258;10;64
30.04.2020 14:47:59;0.7;44.9;2850.0;270;10;64
30.04.2020 14:48:19;0.0;44.9;2850.0;19;2;60
30.04.2020 14:48:20;0.0;44.9;2850.0;61;2;60
30.04.2020 14:48:20;0.0;44.9;2850.0;74;3;60
30.04.2020 14:48:20;0.1;44.9;2850.0;82;3;60
30.04.2020 14:48:20;0.1;44.9;2850.0;101;3;60
30.04.2020 14:48:20;0.1;44.9;2850.0;101;4;60
30.04.2020 14:48:21;0.7;44.9;2850.0;139;6;60
30.04.2020 14:48:21;1.2;44.9;2850.0;195;7;60
30.04.2020 14:48:22;4.4;44.8;2851.0;318;15;60
30.04.2020 14:48:22;5.6;44.8;2851.0;368;20;60
30.04.2020 14:48:23;6.8;44.7;2852.0;576;24;60
30.04.2020 14:48:23;7.5;44.7;2853.0;664;27;60
30.04.2020 14:48:24;4.6;44.8;2854.0;728;29;60
30.04.2020 14:48:24;4.6;44.8;2855.0;737;29;60
30.04.2020 14:48:25;4.6;44.8;2855.0;736;30;60
30.04.2020 14:48:25;5.1;44.8;2856.0;741;30;60
30.04.2020 14:48:26;3.3;44.8;2856.0;743;29;60
30.04.2020 14:48:26;4.3;44.8;2857.0;742;30;60
30.04.2020 14:48:27;4.0;44.8;2857.0;748;30;60
30.04.2020 14:48:27;4.4;44.8;2858.0;745;29;60
30.04.2020 14:48:28;4.9;44.8;2859.0;747;30;60
30.04.2020 14:48:28;4.5;44.8;2860.0;749;30;60
30.04.2020 14:48:29;4.9;44.8;2860.0;751;30;60
30.04.2020 14:48:29;4.5;44.8;2861.0;739;30;60
30.04.2020 14:48:30;4.8;44.8;2862.0;751;29;60
30.04.2020 14:48:30;5.1;44.8;2862.0;752;30;60
30.04.2020 14:48:31;4.1;44.8;2863.0;741;29;60
30.04.2020 14:48:31;4.1;44.8;2863.0;752;30;60
30.04.2020 14:48:32;2.7;44.8;2864.0;752;30;60
30.04.2020 14:48:32;4.1;44.8;2865.0;751;29;60
30.04.2020 14:48:33;4.2;44.8;2865.0;744;30;60
30.04.2020 14:48:33;4.3;44.8;2866.0;762;30;60
30.04.2020 14:48:34;2.4;44.9;2866.0;743;29;60
30.04.2020 14:48:34;5.9;44.8;2866.0;751;30;60
30.04.2020 14:48:35;3.2;44.8;2867.0;749;30;60
30.04.2020 14:48:35;4.6;44.8;2868.0;757;30;60
30.04.2020 14:48:36;3.3;44.8;2868.0;761;30;60
30.04.2020 14:48:36;1.8;44.8;2869.0;743;30;60
30.04.2020 14:48:37;3.0;44.8;2869.0;759;29;60
30.04.2020 14:48:38;4.4;44.8;2871.0;760;30;60
30.04.2020 14:48:38;3.1;44.8;2871.0;766;30;60
30.04.2020 14:48:38;4.4;44.8;2871.0;750;30;60
30.04.2020 14:48:39;3.2;44.8;2871.0;759;30;60
30.04.2020 14:48:39;1.9;44.9;2872.0;760;30;60
30.04.2020 14:48:40;4.0;44.8;2872.0;747;30;60
30.04.2020 14:48:41;3.5;44.8;2874.0;749;30;60
30.04.2020 14:48:41;4.2;44.8;2874.0;745;30;60
30.04.2020 14:48:41;4.2;44.8;2874.0;745;30;60
30.04.2020 14:48:43;3.7;44.8;2875.0;751;30;60
30.04.2020 14:48:45;0.5;45.2;2876.0;267;10;60
30.04.2020 14:48:45;0.1;44.9;2876.0;253;10;60
30.04.2020 14:48:45;0.1;44.9;2876.0;260;9;60
30.04.2020 14:48:45;0.2;44.9;2876.0;250;9;60
30.04.2020 14:48:45;0.2;44.9;2876.0;250;9;60
30.04.2020 14:48:45;0.2;44.9;2876.0;250;9;60
30.04.2020 14:48:46;0.2;44.9;2876.0;250;9;60
30.04.2020 14:48:46;0.1;44.9;2876.0;276;9;60
30.04.2020 14:48:46;0.3;44.9;2877.0;250;10;60
30.04.2020 14:48:47;0.2;44.9;2877.0;266;9;60
30.04.2020 14:48:47;0.2;44.9;2877.0;267;10;60
30.04.2020 14:48:48;0.2;44.9;2877.0;264;9;60
30.04.2020 14:48:48;0.3;45.0;2877.0;262;9;60
30.04.2020 14:48:49;0.6;45.0;2877.0;269;10;60
30.04.2020 14:48:49;0.5;45.1;2877.0;261;10;60
30.04.2020 14:48:50;0.5;45.1;2877.0;259;9;60
30.04.2020 14:48:50;0.2;45.2;2877.0;262;9;60
30.04.2020 14:48:51;0.1;45.2;2877.0;263;9;60
30.04.2020 14:48:51;0.0;45.3;2877.0;263;9;60
30.04.2020 14:48:52;0.1;45.3;2877.0;261;9;60
30.04.2020 14:48:52;0.7;45.3;2877.0;276;10;60
30.04.2020 14:48:53;0.4;45.3;2877.0;257;10;60
30.04.2020 14:48:53;0.4;45.3;2877.0;257;10;60
30.04.2020 14:48:54;0.0;45.3;2877.0;258;10;60
30.04.2020 14:48:54;0.3;45.3;2877.0;267;10;60
30.04.2020 14:48:55;0.2;45.3;2877.0;261;9;60
30.04.2020 14:48:55;0.1;45.3;2877.0;255;9;60
30.04.2020 14:48:56;0.9;45.3;2878.0;258;9;60
30.04.2020 14:48:56;0.4;45.3;2878.0;256;10;60
30.04.2020 14:48:57;0.3;45.3;2878.0;256;10;60
30.04.2020 14:48:57;0.3;45.3;2878.0;262;10;60
30.04.2020 14:48:58;0.6;45.3;2878.0;260;9;60
30.04.2020 14:48:58;0.2;45.3;2878.0;256;9;60
30.04.2020 14:48:59;0.1;45.3;2878.0;259;9;60
30.04.2020 14:48:59;0.4;45.3;2878.0;256;10;60
30.04.2020 14:49:00;0.3;45.3;2878.0;258;10;60
30.04.2020 14:49:00;0.4;45.3;2878.0;253;10;60
30.04.2020 14:49:01;0.7;45.3;2878.0;256;10;60
30.04.2020 14:49:01;0.1;45.3;2878.0;254;9;60
30.04.2020 14:49:02;0.7;45.3;2878.0;253;9;60
30.04.2020 14:49:02;0.5;45.3;2878.0;255;10;60
30.04.2020 14:49:03;0.4;45.3;2878.0;253;10;60
30.04.2020 14:49:03;0.5;45.3;2879.0;250;10;60
30.04.2020 14:49:04;0.4;45.3;2879.0;256;10;60
30.04.2020 14:49:04;0.3;45.3;2879.0;259;10;60
30.04.2020 14:49:05;0.5;45.3;2879.0;253;10;60
30.04.2020 14:49:05;0.6;45.3;2879.0;256;9;60
30.04.2020 14:49:06;0.4;45.3;2879.0;253;10;60
30.04.2020 14:49:06;0.5;45.3;2879.0;264;10;60
30.04.2020 14:49:07;0.5;45.3;2879.0;253;9;60
30.04.2020 14:49:07;0.2;45.3;2879.0;254;9;60
30.04.2020 14:49:08;0.3;45.3;2879.0;256;9;60
30.04.2020 14:49:08;1.8;45.3;2879.0;257;9;60
30.04.2020 14:49:09;0.6;45.3;2879.0;260;10;60
30.04.2020 14:49:09;0.4;45.3;2879.0;256;10;60
30.04.2020 14:49:10;12.2;45.0;2882.0;684;30;60
30.04.2020 14:49:11;7.4;45.1;2883.0;713;30;60
30.04.2020 14:49:11;8.0;45.1;2884.0;744;30;60
30.04.2020 14:49:11;5.2;45.1;2884.0;744;30;60
30.04.2020 14:49:12;5.8;45.1;2885.0;741;30;60
30.04.2020 14:49:12;6.5;45.1;2886.0;735;30;60
30.04.2020 14:49:13;7.3;45.1;2887.0;735;30;60
30.04.2020 14:49:13;7.2;45.1;2887.0;726;30;60
30.04.2020 14:49:14;6.7;45.1;2888.0;731;30;60
30.04.2020 14:49:14;5.4;45.1;2889.0;733;29;60
30.04.2020 14:49:15;6.2;45.1;2890.0;729;29;60
30.04.2020 14:49:15;5.7;45.1;2891.0;735;29;60
30.04.2020 14:49:16;6.2;45.1;2891.0;731;30;60
30.04.2020 14:49:16;5.2;45.1;2892.0;738;30;60
30.04.2020 14:49:17;5.2;45.1;2893.0;743;30;60
30.04.2020 14:49:17;5.2;45.1;2894.0;736;30;60
30.04.2020 14:49:18;4.3;45.1;2895.0;742;29;60
30.04.2020 14:49:18;4.4;45.1;2895.0;742;30;60
30.04.2020 14:49:19;4.3;45.1;2896.0;742;30;60
30.04.2020 14:49:19;5.1;45.1;2897.0;734;30;60
30.04.2020 14:49:20;5.2;45.1;2898.0;737;30;60
30.04.2020 14:49:20;4.0;45.1;2898.0;742;30;60
30.04.2020 14:49:21;5.1;45.2;2899.0;740;29;60
